-- MySQL dump 10.13  Distrib 8.0.33, for Win64 (x86_64)
--
-- Host: localhost    Database: organica
-- ------------------------------------------------------
-- Server version	8.0.33

/*!40101 SET @OLD_CHARACTER_SET_CLIENT=@@CHARACTER_SET_CLIENT */;
/*!40101 SET @OLD_CHARACTER_SET_RESULTS=@@CHARACTER_SET_RESULTS */;
/*!40101 SET @OLD_COLLATION_CONNECTION=@@COLLATION_CONNECTION */;
/*!50503 SET NAMES utf8 */;
/*!40103 SET @OLD_TIME_ZONE=@@TIME_ZONE */;
/*!40103 SET TIME_ZONE='+00:00' */;
/*!40014 SET @OLD_UNIQUE_CHECKS=@@UNIQUE_CHECKS, UNIQUE_CHECKS=0 */;
/*!40014 SET @OLD_FOREIGN_KEY_CHECKS=@@FOREIGN_KEY_CHECKS, FOREIGN_KEY_CHECKS=0 */;
/*!40101 SET @OLD_SQL_MODE=@@SQL_MODE, SQL_MODE='NO_AUTO_VALUE_ON_ZERO' */;
/*!40111 SET @OLD_SQL_NOTES=@@SQL_NOTES, SQL_NOTES=0 */;

--
-- Table structure for table `author`
--

DROP TABLE IF EXISTS `author`;
/*!40101 SET @saved_cs_client     = @@character_set_client */;
/*!50503 SET character_set_client = utf8mb4 */;
CREATE TABLE `author` (
  `id` bigint NOT NULL AUTO_INCREMENT,
  `name` varchar(255) DEFAULT NULL,
  PRIMARY KEY (`id`)
) ENGINE=InnoDB AUTO_INCREMENT=9 DEFAULT CHARSET=utf8mb4 COLLATE=utf8mb4_0900_ai_ci;
/*!40101 SET character_set_client = @saved_cs_client */;

--
-- Dumping data for table `author`
--

LOCK TABLES `author` WRITE;
/*!40000 ALTER TABLE `author` DISABLE KEYS */;
INSERT INTO `author` VALUES (6,'author 1'),(7,'author 2'),(8,'author 3');
/*!40000 ALTER TABLE `author` ENABLE KEYS */;
UNLOCK TABLES;

--
-- Table structure for table `book`
--

DROP TABLE IF EXISTS `book`;
/*!40101 SET @saved_cs_client     = @@character_set_client */;
/*!50503 SET character_set_client = utf8mb4 */;
CREATE TABLE `book` (
  `id` bigint NOT NULL AUTO_INCREMENT,
  `copies` int NOT NULL,
  `copies_available` int NOT NULL,
  `create_at` datetime(6) DEFAULT NULL,
  `description` longtext,
  `for_user` bit(1) NOT NULL,
  `image_url` varchar(255) DEFAULT NULL,
  `language` varchar(255) DEFAULT NULL,
  `page` int NOT NULL,
  `price` double DEFAULT NULL,
  `title` varchar(255) DEFAULT NULL,
  `publisher_id` bigint NOT NULL,
  PRIMARY KEY (`id`),
  KEY `FKgtvt7p649s4x80y6f4842pnfq` (`publisher_id`),
  CONSTRAINT `FKgtvt7p649s4x80y6f4842pnfq` FOREIGN KEY (`publisher_id`) REFERENCES `publisher` (`id`)
) ENGINE=InnoDB AUTO_INCREMENT=8 DEFAULT CHARSET=utf8mb4 COLLATE=utf8mb4_0900_ai_ci;
/*!40101 SET character_set_client = @saved_cs_client */;

--
-- Dumping data for table `book`
--

LOCK TABLES `book` WRITE;
/*!40000 ALTER TABLE `book` DISABLE KEYS */;
INSERT INTO `book` VALUES (6,0,5,'2023-11-01 22:06:09.885737','asdjhcnzxcbbnsdchjszcbsdmahfbdnabvmsdhfbamjsdfvs dsfsdnbf jb,zx chsdcbnzczx, jsad',_binary '','image1/1/1/1','english',100,30000,'book1',1),(7,0,5,'2023-11-01 22:06:25.784149','asdjhcnzxcbbnsdchjszcbsdmahfbdnabvmsdhfbamjsdfvs dsfsdnbf jb,zx chsdcbnzczx, jsad',_binary '','image1/1/1/1','english',100,30000,'book2',2);
/*!40000 ALTER TABLE `book` ENABLE KEYS */;
UNLOCK TABLES;

--
-- Table structure for table `book_author`
--

DROP TABLE IF EXISTS `book_author`;
/*!40101 SET @saved_cs_client     = @@character_set_client */;
/*!50503 SET character_set_client = utf8mb4 */;
CREATE TABLE `book_author` (
  `book_id` bigint NOT NULL,
  `author_id` bigint NOT NULL,
  KEY `FKbjqhp85wjv8vpr0beygh6jsgo` (`author_id`),
  KEY `FKhwgu59n9o80xv75plf9ggj7xn` (`book_id`),
  CONSTRAINT `FKbjqhp85wjv8vpr0beygh6jsgo` FOREIGN KEY (`author_id`) REFERENCES `author` (`id`),
  CONSTRAINT `FKhwgu59n9o80xv75plf9ggj7xn` FOREIGN KEY (`book_id`) REFERENCES `book` (`id`)
) ENGINE=InnoDB DEFAULT CHARSET=utf8mb4 COLLATE=utf8mb4_0900_ai_ci;
/*!40101 SET character_set_client = @saved_cs_client */;

--
-- Dumping data for table `book_author`
--

LOCK TABLES `book_author` WRITE;
/*!40000 ALTER TABLE `book_author` DISABLE KEYS */;
INSERT INTO `book_author` VALUES (6,6),(6,7),(7,7),(7,8);
/*!40000 ALTER TABLE `book_author` ENABLE KEYS */;
UNLOCK TABLES;

--
-- Table structure for table `book_department`
--

DROP TABLE IF EXISTS `book_department`;
/*!40101 SET @saved_cs_client     = @@character_set_client */;
/*!50503 SET character_set_client = utf8mb4 */;
CREATE TABLE `book_department` (
  `book_id` bigint NOT NULL,
  `department_id` bigint NOT NULL,
  KEY `FKh0d1ecbd79lb6buxsn5j53b2d` (`department_id`),
  KEY `FKqpognoqfyn3xl4elviomqj2ao` (`book_id`),
  CONSTRAINT `FKh0d1ecbd79lb6buxsn5j53b2d` FOREIGN KEY (`department_id`) REFERENCES `departmment` (`id`),
  CONSTRAINT `FKqpognoqfyn3xl4elviomqj2ao` FOREIGN KEY (`book_id`) REFERENCES `book` (`id`)
) ENGINE=InnoDB DEFAULT CHARSET=utf8mb4 COLLATE=utf8mb4_0900_ai_ci;
/*!40101 SET character_set_client = @saved_cs_client */;

--
-- Dumping data for table `book_department`
--

LOCK TABLES `book_department` WRITE;
/*!40000 ALTER TABLE `book_department` DISABLE KEYS */;
INSERT INTO `book_department` VALUES (6,7),(6,8),(7,6),(7,8);
/*!40000 ALTER TABLE `book_department` ENABLE KEYS */;
UNLOCK TABLES;

--
-- Table structure for table `cart`
--

DROP TABLE IF EXISTS `cart`;
/*!40101 SET @saved_cs_client     = @@character_set_client */;
/*!50503 SET character_set_client = utf8mb4 */;
CREATE TABLE `cart` (
  `id` bigint NOT NULL AUTO_INCREMENT,
  `discounte` int NOT NULL,
  `total_discounted_price` int NOT NULL,
  `total_item` int DEFAULT NULL,
  `total_price` double DEFAULT NULL,
  `user_id` bigint NOT NULL,
  PRIMARY KEY (`id`),
  KEY `FKl70asp4l4w0jmbm1tqyofho4o` (`user_id`),
  CONSTRAINT `FKl70asp4l4w0jmbm1tqyofho4o` FOREIGN KEY (`user_id`) REFERENCES `user` (`id`)
) ENGINE=InnoDB AUTO_INCREMENT=14 DEFAULT CHARSET=utf8mb4 COLLATE=utf8mb4_0900_ai_ci;
/*!40101 SET character_set_client = @saved_cs_client */;

--
-- Dumping data for table `cart`
--

LOCK TABLES `cart` WRITE;
/*!40000 ALTER TABLE `cart` DISABLE KEYS */;
INSERT INTO `cart` VALUES (13,0,30000,1,30000,4);
/*!40000 ALTER TABLE `cart` ENABLE KEYS */;
UNLOCK TABLES;

--
-- Table structure for table `cart_item`
--

DROP TABLE IF EXISTS `cart_item`;
/*!40101 SET @saved_cs_client     = @@character_set_client */;
/*!50503 SET character_set_client = utf8mb4 */;
CREATE TABLE `cart_item` (
  `id` bigint NOT NULL AUTO_INCREMENT,
  `discounted_price` double NOT NULL,
  `price` double NOT NULL,
  `quantity` int NOT NULL,
  `book_id` bigint DEFAULT NULL,
  `cart_id` bigint DEFAULT NULL,
  `user_id` bigint DEFAULT NULL,
  `voucher_id` bigint DEFAULT NULL,
  PRIMARY KEY (`id`),
  KEY `FKis5hg85qbs5d91etr4mvd4tx6` (`book_id`),
  KEY `FK1uobyhgl1wvgt1jpccia8xxs3` (`cart_id`),
  KEY `FKjnaj4sjyqjkr4ivemf9gb25w` (`user_id`),
  KEY `FKbimhqirch02p3mwqsi6rtcu3w` (`voucher_id`),
  CONSTRAINT `FK1uobyhgl1wvgt1jpccia8xxs3` FOREIGN KEY (`cart_id`) REFERENCES `cart` (`id`),
  CONSTRAINT `FKbimhqirch02p3mwqsi6rtcu3w` FOREIGN KEY (`voucher_id`) REFERENCES `voucher` (`id`),
  CONSTRAINT `FKis5hg85qbs5d91etr4mvd4tx6` FOREIGN KEY (`book_id`) REFERENCES `book` (`id`),
  CONSTRAINT `FKjnaj4sjyqjkr4ivemf9gb25w` FOREIGN KEY (`user_id`) REFERENCES `user` (`id`)
) ENGINE=InnoDB AUTO_INCREMENT=23 DEFAULT CHARSET=utf8mb4 COLLATE=utf8mb4_0900_ai_ci;
/*!40101 SET character_set_client = @saved_cs_client */;

--
-- Dumping data for table `cart_item`
--

LOCK TABLES `cart_item` WRITE;
/*!40000 ALTER TABLE `cart_item` DISABLE KEYS */;
INSERT INTO `cart_item` VALUES (22,30000,30000,1,7,13,4,NULL);
/*!40000 ALTER TABLE `cart_item` ENABLE KEYS */;
UNLOCK TABLES;

--
-- Table structure for table `departmment`
--

DROP TABLE IF EXISTS `departmment`;
/*!40101 SET @saved_cs_client     = @@character_set_client */;
/*!50503 SET character_set_client = utf8mb4 */;
CREATE TABLE `departmment` (
  `id` bigint NOT NULL AUTO_INCREMENT,
  `name` varchar(255) DEFAULT NULL,
  PRIMARY KEY (`id`)
) ENGINE=InnoDB AUTO_INCREMENT=9 DEFAULT CHARSET=utf8mb4 COLLATE=utf8mb4_0900_ai_ci;
/*!40101 SET character_set_client = @saved_cs_client */;

--
-- Dumping data for table `departmment`
--

LOCK TABLES `departmment` WRITE;
/*!40000 ALTER TABLE `departmment` DISABLE KEYS */;
INSERT INTO `departmment` VALUES (6,'department 1'),(7,'department 2'),(8,'department 3');
/*!40000 ALTER TABLE `departmment` ENABLE KEYS */;
UNLOCK TABLES;

--
-- Table structure for table `favorite`
--

DROP TABLE IF EXISTS `favorite`;
/*!40101 SET @saved_cs_client     = @@character_set_client */;
/*!50503 SET character_set_client = utf8mb4 */;
CREATE TABLE `favorite` (
  `id` bigint NOT NULL AUTO_INCREMENT,
  `is_favorite` bit(1) NOT NULL,
  `book_id` bigint NOT NULL,
  `user_id` bigint NOT NULL,
  PRIMARY KEY (`id`),
  KEY `FK3c9qhul48t7s6uc34fl7avfp8` (`book_id`),
  KEY `FKh3f2dg11ibnht4fvnmx60jcif` (`user_id`),
  CONSTRAINT `FK3c9qhul48t7s6uc34fl7avfp8` FOREIGN KEY (`book_id`) REFERENCES `book` (`id`),
  CONSTRAINT `FKh3f2dg11ibnht4fvnmx60jcif` FOREIGN KEY (`user_id`) REFERENCES `user` (`id`)
) ENGINE=InnoDB DEFAULT CHARSET=utf8mb4 COLLATE=utf8mb4_0900_ai_ci;
/*!40101 SET character_set_client = @saved_cs_client */;

--
-- Dumping data for table `favorite`
--

LOCK TABLES `favorite` WRITE;
/*!40000 ALTER TABLE `favorite` DISABLE KEYS */;
/*!40000 ALTER TABLE `favorite` ENABLE KEYS */;
UNLOCK TABLES;

--
-- Table structure for table `publisher`
--

DROP TABLE IF EXISTS `publisher`;
/*!40101 SET @saved_cs_client     = @@character_set_client */;
/*!50503 SET character_set_client = utf8mb4 */;
CREATE TABLE `publisher` (
  `id` bigint NOT NULL AUTO_INCREMENT,
  `name` varchar(255) DEFAULT NULL,
  PRIMARY KEY (`id`)
) ENGINE=InnoDB AUTO_INCREMENT=7 DEFAULT CHARSET=utf8mb4 COLLATE=utf8mb4_0900_ai_ci;
/*!40101 SET character_set_client = @saved_cs_client */;

--
-- Dumping data for table `publisher`
--

LOCK TABLES `publisher` WRITE;
/*!40000 ALTER TABLE `publisher` DISABLE KEYS */;
INSERT INTO `publisher` VALUES (1,'Publisher 1'),(2,'Publisher 2'),(3,'Publisher 3'),(4,'publisher 1'),(5,'publisher 2'),(6,'publisher 3');
/*!40000 ALTER TABLE `publisher` ENABLE KEYS */;
UNLOCK TABLES;

--
-- Table structure for table `role`
--

DROP TABLE IF EXISTS `role`;
/*!40101 SET @saved_cs_client     = @@character_set_client */;
/*!50503 SET character_set_client = utf8mb4 */;
CREATE TABLE `role` (
  `id` bigint NOT NULL AUTO_INCREMENT,
  `name` varchar(255) NOT NULL,
  PRIMARY KEY (`id`)
) ENGINE=InnoDB AUTO_INCREMENT=6 DEFAULT CHARSET=utf8mb4 COLLATE=utf8mb4_0900_ai_ci;
/*!40101 SET character_set_client = @saved_cs_client */;

--
-- Dumping data for table `role`
--

LOCK TABLES `role` WRITE;
/*!40000 ALTER TABLE `role` DISABLE KEYS */;
INSERT INTO `role` VALUES (2,'ROLE_EMPLOYEE'),(3,'ROLE_ADMIN'),(5,'ROLE_USER');
/*!40000 ALTER TABLE `role` ENABLE KEYS */;
UNLOCK TABLES;

--
-- Table structure for table `user`
--

DROP TABLE IF EXISTS `user`;
/*!40101 SET @saved_cs_client     = @@character_set_client */;
/*!50503 SET character_set_client = utf8mb4 */;
CREATE TABLE `user` (
  `id` bigint NOT NULL AUTO_INCREMENT,
  `create_at` datetime(6) DEFAULT NULL,
  `dob` datetime(6) DEFAULT NULL,
  `email` varchar(255) NOT NULL,
  `first_name` varchar(255) NOT NULL,
  `gender` bit(1) NOT NULL,
  `last_name` varchar(255) NOT NULL,
  `password` varchar(255) DEFAULT NULL,
  `phone_number` varchar(255) NOT NULL,
  `user_status` bit(1) NOT NULL,
  `username` varchar(255) DEFAULT NULL,
  PRIMARY KEY (`id`)
) ENGINE=InnoDB AUTO_INCREMENT=5 DEFAULT CHARSET=utf8mb4 COLLATE=utf8mb4_0900_ai_ci;
/*!40101 SET character_set_client = @saved_cs_client */;

--
-- Dumping data for table `user`
--

LOCK TABLES `user` WRITE;
/*!40000 ALTER TABLE `user` DISABLE KEYS */;
INSERT INTO `user` VALUES (1,'2023-11-01 08:55:22.663526','2023-11-01 08:55:22.663526','employee1@gamil.com','first name',_binary '','last name','$2a$10$pq4tmyqa8FnP7n.V7rniAeTHSxztsdIEt9A4EhP68JX4rcGVDnON.','1234567890',_binary '','employee1'),(4,'2023-11-01 22:00:18.087833','2023-11-01 22:00:18.087833','user123@gamil.com','first name',_binary '','last name','$2a$10$dHglW2ARQO1gEAdUbNOeYOFy4YH/vD8tx.b29G5X.Q90tB/i62.K2','1234567890',_binary '','user123');
/*!40000 ALTER TABLE `user` ENABLE KEYS */;
UNLOCK TABLES;

--
-- Table structure for table `user_role`
--

DROP TABLE IF EXISTS `user_role`;
/*!40101 SET @saved_cs_client     = @@character_set_client */;
/*!50503 SET character_set_client = utf8mb4 */;
CREATE TABLE `user_role` (
  `role_id` bigint DEFAULT NULL,
  `user_id` bigint NOT NULL,
  PRIMARY KEY (`user_id`),
  KEY `FKa68196081fvovjhkek5m97n3y` (`role_id`),
  CONSTRAINT `FK859n2jvi8ivhui0rl0esws6o` FOREIGN KEY (`user_id`) REFERENCES `user` (`id`),
  CONSTRAINT `FKa68196081fvovjhkek5m97n3y` FOREIGN KEY (`role_id`) REFERENCES `role` (`id`)
) ENGINE=InnoDB DEFAULT CHARSET=utf8mb4 COLLATE=utf8mb4_0900_ai_ci;
/*!40101 SET character_set_client = @saved_cs_client */;

--
-- Dumping data for table `user_role`
--

LOCK TABLES `user_role` WRITE;
/*!40000 ALTER TABLE `user_role` DISABLE KEYS */;
INSERT INTO `user_role` VALUES (2,1),(5,4);
/*!40000 ALTER TABLE `user_role` ENABLE KEYS */;
UNLOCK TABLES;

--
-- Table structure for table `voucher`
--

DROP TABLE IF EXISTS `voucher`;
/*!40101 SET @saved_cs_client     = @@character_set_client */;
/*!50503 SET character_set_client = utf8mb4 */;
CREATE TABLE `voucher` (
  `id` bigint NOT NULL AUTO_INCREMENT,
  `code` varchar(255) DEFAULT NULL,
  `description` varchar(255) DEFAULT NULL,
  `due_day` int DEFAULT NULL,
  `percent` int DEFAULT NULL,
  `status` int DEFAULT NULL,
  `employee_id` bigint DEFAULT NULL,
  `user_id` bigint DEFAULT NULL,
  PRIMARY KEY (`id`),
  UNIQUE KEY `UKpvh1lqheshnjoekevvwla03xn` (`code`),
  KEY `FK5a2jebis31mofheltuonn88ql` (`employee_id`),
  KEY `FK4h57plnf4easro9xialxph4yy` (`user_id`),
  CONSTRAINT `FK4h57plnf4easro9xialxph4yy` FOREIGN KEY (`user_id`) REFERENCES `user` (`id`),
  CONSTRAINT `FK5a2jebis31mofheltuonn88ql` FOREIGN KEY (`employee_id`) REFERENCES `user` (`id`)
) ENGINE=InnoDB DEFAULT CHARSET=utf8mb4 COLLATE=utf8mb4_0900_ai_ci;
/*!40101 SET character_set_client = @saved_cs_client */;

--
-- Dumping data for table `voucher`
--

LOCK TABLES `voucher` WRITE;
/*!40000 ALTER TABLE `voucher` DISABLE KEYS */;
/*!40000 ALTER TABLE `voucher` ENABLE KEYS */;
UNLOCK TABLES;
/*!40103 SET TIME_ZONE=@OLD_TIME_ZONE */;

/*!40101 SET SQL_MODE=@OLD_SQL_MODE */;
/*!40014 SET FOREIGN_KEY_CHECKS=@OLD_FOREIGN_KEY_CHECKS */;
/*!40014 SET UNIQUE_CHECKS=@OLD_UNIQUE_CHECKS */;
/*!40101 SET CHARACTER_SET_CLIENT=@OLD_CHARACTER_SET_CLIENT */;
/*!40101 SET CHARACTER_SET_RESULTS=@OLD_CHARACTER_SET_RESULTS */;
/*!40101 SET COLLATION_CONNECTION=@OLD_COLLATION_CONNECTION */;
/*!40111 SET SQL_NOTES=@OLD_SQL_NOTES */;

-- Dump completed on 2023-11-02  9:27:58
